season,casual_max,casual_mean,registered_max,registered_mean,cnt_max,cnt_mean,total_customer
fall,350,50.28714412811388,886,185.72909252669038,977,236.01623665480426,1061129
summer,361,46.160580630528464,782,162.1834883193468,957,208.34406894987526,918589
winter,362,30.666824196597354,876,168.20203213610586,967,198.86885633270322,841613
springer,367,14.29090051862329,681,96.82366808109383,801,111.11456859971712,471348
