time_cycle,casual_max,casual_mean,registered_max,registered_mean,cnt_max,cnt_mean,total_customer
morning,268,22.208867336335295,808,138.1666089366124,839,160.3754762729477,926008
afternoon,367,69.72120658135283,886,329.9040219378428,977,399.6252285191956,874380
night,237,19.548908028298985,662,97.97754537065518,743,117.52645339895417,764157
midday/noon,362,72.7704974271012,526,177.01818181818183,776,249.78867924528302,728134
