yr,quarter,casual_max,casual_mean,registered_max,registered_mean,cnt_max,cnt_mean,cnt_sum,yearnquarter
2011,Q1,1424,246.01111111111112,2355,1425.6444444444444,3239,1671.6555555555556,150449,2011 Q1
2011,Q2,2355,923.1648351648352,4488,3188.956043956044,5805,4112.120879120879,374203,2011 Q2
2011,Q3,3065,998.25,4614,3408.8152173913045,6043,4407.065217391304,405450,2011 Q3
2011,Q4,2397,535.4782608695652,4267,2866.7065217391305,5511,3402.1847826086955,313001,2011 Q4
2012,Q1,3155,541.8461538461538,5893,3466.4615384615386,8362,4008.3076923076924,364756,2012 Q1
2012,Q2,3410,1384.4505494505495,6456,4911.3626373626375,8294,6295.813186813187,572919,2012 Q2
2012,Q3,3160,1398.695652173913,6946,5521.771739130435,8714,6920.467391304348,636683,2012 Q3
2012,Q4,3031,747.7391304347826,6911,4417.673913043478,8156,5165.413043478261,475218,2012 Q4
