workingday,casual_max,casual_mean,registered_max,registered_mean,cnt_max,cnt_mean,total_customer
non-working days,264,25.561314791403287,886,167.6464391066161,977,193.20775389801938,2292410
workdays,367,57.441421835328256,601,123.96391004715271,783,181.40533188248097,1000269
